5812552,JSYZNANCY,1,1,30,943,2012-10-14 17:49:00,江苏 扬州,2020-11-13 14:31:01,保养手册上有
199920269,湖州车友f2kgls,1,0,0,2,2020-10-02 09:57:13,浙江 杭州,2020-10-04 15:46:27,你这写的真不错，不过怎么尽遇到好牌子啊。五个六，五个九，哈哈
8168691,川_子,1,3,13,399,2013-07-29 13:23:00,江苏 南京,2020-10-04 15:52:46,湖州车友f2kgls2020/10/0415:46:27发表在沙发你这写的真不错，不过怎么尽遇到好牌子啊。五个六，五个九，哈哈哈哈哈，有种运气叫PS
173989312,吉吉大哥哥哥哥,1,0,3,127,2019-10-17 19:21:00,湖南 长沙,2020-10-04 15:56:55,哈哈帅的
4397334,晓云天,1,0,49,1897,2011-10-26 14:07:00,江苏 南京,2020-10-04 17:23:53,和我同款同色，不过我是在你没去的中升提的车。
86052161,徐徐910,1,0,0,45,2018-11-16 11:41:00,江苏 南京,2020-10-04 18:00:36,幻夜银太帅了
10421250,龙C88888,1,7,1208,8072,2014-05-02 20:40:00,北京 ,2020-10-04 18:15:34,XC60的尾部总有一种说不出的感觉
35411211,y0068,1,0,19,227,2016-12-10 19:46:00,江苏 南京,2020-10-04 18:18:27,你还有个关爱钥匙，我的怎么没有啊？难道智逸没有？
8168691,飞沙18151,1,1,34,1.9万,2012-11-19 22:13:00,山西 太原,2020-10-04 18:20:59,龙C888882020/10/0418:15:34发表在6楼XC60的尾部总有一种说不出的感觉我瞅着还行，感觉挺帅的
8168691,技能君233,1,0,5,155,2016-03-25 17:47:00,山东 青岛,2020-10-04 18:21:09,y00682020/10/0418:18:27发表在7楼你还有个关爱钥匙，我的怎么没有啊？难道智逸没有？不了解了啊，问问销售看看
6000273,霸气大狮子,1,0,44,829,2014-01-07 13:09:00,山东 淄博,2020-10-04 20:17:27,不错
26376561,南京车友ktkun7,1,0,0,5,2014-12-28 14:58:00,江苏 南京,2020-10-04 20:44:12,同款同色同第一批90后新车记得调整胎压，出厂的胎压有点高，调整之后就没那么颠了
9372641,忘记用户名和密码,1,126,173,1715,2018-01-30 09:23:00,云南 昆明,2020-10-04 20:51:02,那是个x5
14123303,PLA71146,1,0,6,80,2015-05-15 09:51:00,江苏 连云港,2020-10-04 21:23:09,好贴，楼主能方便私信下落地价吗？帮忙参考下，谢谢了
173989312,巴图的爸爸,1,0,5,336,2014-11-16 19:55:00,广东 其它,2020-10-04 21:30:31,楼主，两个钥匙中间的是什么东东？
67879104,LinJun66,1,0,0,5,2018-03-08 15:20:00,广东 广州,2020-10-05 00:42:02,此主帖已经被忘记用户名和密码设为精华帖帖子标题：30而已，“60”不惑，XC60提车小记精华理由：符合精华标准
17410946,GENESIS王,1,24,73,1.4万,2017-07-16 23:51:00,山东 济宁,2020-10-05 04:18:31,综合油耗多少？
13257430,大秦兵甲天下,1,0,1,13,2016-01-05 17:25:00,北京 ,2020-10-05 22:45:21,我也一直想买致远来着
25323909,无线小黄瓜,1,173,5447,2.8万,2016-02-19 15:38:00,山东 济南,2020-11-13 13:56:50,XC60只有20T和3.0T两个排量没有沃尔沃XC60排量2.5T，只有沃尔沃XC90排量2.5T。XC60排量20T：70升油箱，每次可加60-65升沃尔沃XC90排量2.5T：80升油箱，每次可加70-75升。机油均是4升-5升。
5619920,夕陽暮雨,1,274,1623,5.3万,2012-09-01 12:48:00,四川 成都,2020-11-13 14:04:14,机油放没放干净对加油量的影响还是有的，还有机油尺的高低也会影响一些油量，其实这些都不重要，在合适的范围就成。
69356310,jane0898,1,0,900,5.6万,2018-02-23 21:42:00,海南 海口,2020-11-12 15:03:48,我觉得那个航海家的话应该会比较好的，毕竟那路面是比较少见很多了
181407927,白桦林379,1,0,40,262,2020-03-26 15:17:00,北京 ,2020-11-12 16:43:11,航海家肯定好呀，但也贵一点，等国产吧。
80079102,adb96n,1,0,0,58,2018-08-26 19:39:00,广西 桂林,2020-11-12 16:54:25,不是一个价位吧
73593426,江南水手0791,1,0,8,3229,2018-04-29 16:45:00,江苏 苏州,2020-11-12 17:06:11,林肯舒适性比沃尔沃稍好一点。
186422247,你是猫吗还在睡su,1,6,8,20,2020-05-09 15:18:08,江苏 无锡,2020-11-12 17:36:37,个人觉得XC90好，性价比更高
173487193,东方文明888,1,0,10,58,2019-10-08 15:31:00,北京 ,2020-11-12 20:58:43,都看了，配置相似价格差10万
3372022,aiur213,1,6,67,1.1万,2010-12-12 23:02:00,四川 成都,2020-11-13 00:08:39,航海家、沃尔沃V40车主，选车时参考过XC60，大致评判如下。航海家是适合舒适乘坐的，尊雅的各种舒适配置比较高，空间上也有一些优势，加92#很省钱，标配锐威音响实际效果没比智雅标配好多少，隔音完胜，缺点就是驾驶感受不好，只能佛系驾驶，D档提速太滞后，S档响应稍好一些也不激进，车机比较落后。XC60相对来说偏向于驾驶一些，没有像X3那样紧致，却对它有信心，油门响应还不错，S档稍激进一些，座椅稍硬但是靠背曲线设计对脊柱保护很好，后排座椅一般，不像航海家那样又大又舒服还能调节角度，车机先进但是实体键少，当然主动安全系统全面领先于航海家。
108966612,惠州车友qixfpv,1,0,25,47,2019-08-09 03:36:00,广东 惠州,2020-11-13 06:41:32,很注重空间舒适你买航海家，我就是不喜欢那种驾驶感受才没买
80545630,吴煎蛋凡凡不凡,1,0,1,11,2018-09-05 14:12:00,山东 济宁,2020-11-13 13:59:24,林肯航海家
192358610,樱花草8h,1,0,1,13,2020-06-28 09:08:38,四川 乐山,2020-11-13 14:00:11,车子都挺不错了的，楼主可以先试驾看看啊
5643187,哥的微笑丶百度不到,1,9,263,6798,2012-09-03 22:59:00,浙江 杭州,2020-10-03 20:30:39,顶
5643187,fetti,1,9,14,271,2014-02-21 11:57:00,江西 南昌,2020-10-03 20:30:54,
5643187,Knight___007,1,0,2,30,2020-04-03 23:06:00,浙江 杭州,2020-10-03 20:31:00,
5643187,华烁一对儿,1,1,16,156,2017-06-29 01:11:00,天津 ,2020-10-03 20:34:19,杭州要进组织私信我
9655932,gfveyron,1,15,62,3340,2007-07-09 23:45:00,重庆 ,2020-10-03 20:42:54,6月提车同款车主发来贺电。
181850890,无雨无星,1,2,27,1007,2013-09-08 19:32:00,重庆 ,2020-10-03 20:47:10,图片盗走
53739106,枯神,1,0,7,358,2009-11-07 00:26:00,甘肃 天水,2020-10-03 20:53:05,刚提了棕内，感觉米白内饰很漂亮啊。楼主能私信下后备箱垫的链接吗？
299673,谊雅谊雅哟,1,0,9,41,2010-09-30 16:47:00,浙江 杭州,2020-10-03 20:59:27,恭喜！写得很真实！话说20款反映共振的就少了，起码我的20款（没阀门）没共振，现在快一万六千公里了，越开越顺手，过弯感觉比老迈腾还好。再就我的09年次顶配迈腾也就卖了2万5，当时感觉是不是亏了，现看你奔腾的卖价，心中也释然了。
8457250,opteron146,1,6,55,2655,2013-06-23 21:03:00,浙江 杭州,2020-10-03 21:07:03,恭喜LZ提车，内饰确实漂亮，觉得噪音大的话可以刷个北极星，我刷了之后出差了一周，再回来感觉噪音基本没有了，这还是一同个车么的感觉。还有作为前宝马车主，BMW发动机的声音比VOLOV好听太多，而且变速箱随踩随有的响应也是VOLVO比不了的，车无完车，都有进步空间
1877441,cw陈云山,1,0,4,8,2015-03-16 11:35:00,四川 成都,2020-10-03 21:13:53,赚钱买车
3146400,soncosg,1,0,10,129,2013-02-16 23:35:00,安徽 芜湖,2020-10-03 21:25:59,字太多，不看，顶贴就完了
7922768,逍遥Kiss小妖,1,0,5,172,2009-12-16 14:25:00,山西 晋中,2020-10-03 21:33:33,gfveyron2020/10/0320:59:27发表在8楼恭喜！写得很真实！话说20款反映共振的就少了，起码我的20款（没阀门）没共振，现在快一万六千公里了，越开越顺手，过弯感觉比老迈腾还好。再就我的09年次顶配迈腾也就卖了2万5，当时感觉是不是亏了，现看你奔腾的卖价，心中也释然了。奔腾当年13.18万买的，过了13年，还剩4000，也算物尽其用了。
7922768,雷神6688,1,1,7,537,2013-06-13 10:16:00,四川 成都,2020-10-03 21:34:11,无雨无星2020/10/0321:07:03发表在9楼恭喜LZ提车，内饰确实漂亮，觉得噪音大的话可以刷个北极星，我刷了之后出差了一周，再回来感觉噪音基本没有了，这还是一同个车么的感觉。还有作为前宝马车主，BMW发动机的声音比VOLOV好听太多，而且变速箱随踩随有的响应也是VOLVO比不了的，车无完车，都有进步空间还好，噪音到没觉得太大，就是启动的时候声音不好听，我估计你是宝马的40万以上车型了吧？
8211007,蓝鷹,1,564,2402,4.8万,2013-08-04 15:17:00,江苏 苏州,2020-11-13 08:58:19,你说的其实就是一组电池。他们都是在发动机熄火后，对需要用电的电器元件（启动马达，灯泡、收音机、雨刮等等）提供必要的电源。一但发动机工作，就会带动发电机工作，对这两个电池进行充电，使其储备充足的备用电源。
954903,mikoto,1,0,12,11.4万,2008-12-09 13:31:00,安徽 合肥,2020-11-13 08:59:34,这个到4s店去检查一下就可以了，他检测一下，看看是哪个电瓶车，性能不太好，直接更换就行了
74856874,20070815小朋友,1,0,0,5.2万,2018-05-18 21:43:00,广东 汕头,2020-11-13 09:04:26,"基本上就是这个启动的还有一个备用的,这个有可能是你的储电池电量不足才不能启停的."
186423625,这里是小塔7e1,1,5,9,41,2020-05-09 15:29:13,江苏 无锡,2020-11-13 11:55:07,可以去4S店看看，他们会专业解答的
2048924,沃是一个兵,1,3,270,2362,2009-12-19 14:41:00,山东 东营,2020-11-13 12:25:22,说明书上有。但是我没背过来
100457802,德道法,1,1,17,615,2019-05-08 14:52:00,贵州 贵阳,2020-11-13 13:29:37,跑一下就好了
30807990,王小帅爱旅行,1,0,61,183,2016-09-11 02:45:00,陕西 延安,2020-11-13 13:23:28,打字不知道为啥发不出去，算了截图吧
30807990,四季xiaotian,1,0,4,2.2万,2016-05-18 17:30:00,吉林 ,2020-11-13 13:23:48,
191876043,suvlovepk,1,0,14,414,2020-06-23 22:16:17,辽宁 大连,2020-11-13 06:47:26,几毛钱搞定，详细看我的帖子。
3788019,pxlzmt,1,0,64,759,2011-05-02 17:46:00,上海 ,2020-11-13 07:47:01,落地多少
4228993,我牵你走,1,1,20,1289,2011-09-09 14:32:00,陕西 榆林,2020-11-13 08:46:45,啊，我上个月刚提，比你贵5K。
3839860,春晓烟雨,1,0,2,47,2011-05-17 09:04:00,浙江 宁波,2020-11-13 09:24:39,恭喜恭喜！智逸对于一般家庭足够了。
93615407,宁静致远_淡泊明志,1,0,0,1,2019-01-30 09:01:00,吉林 长春,2020-11-09 21:19:10,6800
1403062,shinhwa315,1,0,11,102,2009-06-15 03:50:00,上海 ,2020-11-09 21:30:30,便宜的时候2799
1273873,男人就要开好车,1,45,394,1.1万,2009-04-28 22:43:00,广东 中山,2020-11-09 22:37:53,shinhwa3152020/11/0921:30:30发表在板凳便宜的时候2799哪里有这么平价的？
100457802,德道法,1,1,17,615,2019-05-08 14:52:00,贵州 贵阳,2020-11-10 15:00:13,4980
5662449,joke_123,1,0,1,35,2012-09-07 23:20:00,湖北 武汉,2020-11-12 03:02:33,3800
83249126,持斧弈棋,1,0,32,57,2018-10-21 20:56:00,江西 南昌,2020-11-12 13:48:42,我是3800南昌
67879104,忘记用户名和密码,1,126,173,1715,2018-01-30 09:23:00,云南 昆明,2020-09-23 00:34:24,此主帖已经被忘记用户名和密码设为精华帖帖子标题：【人车生活，欧洲之行】法国游中篇精华理由：符合精华标准
185823091,傲枫正瓶,1,0,0,63,2020-05-04 21:39:22, ,2020-10-13 17:55:29,本楼已被删除查看详情我要申诉
185062641,你开心我高钩,1,0,0,38,2020-04-28 09:35:07, ,2020-10-13 21:25:37,本楼已被删除查看详情我要申诉
186696543,山项艳,1,0,0,92,2020-05-11 14:56:11, ,2020-10-14 08:38:55,本楼已被删除查看详情我要申诉
185820151,谊文思宁伸,1,0,0,138,2020-05-04 21:11:58, ,2020-10-14 12:02:37,本楼已被删除查看详情我要申诉
186592572,普林尼铝,1,0,0,199,2020-05-10 19:51:11, ,2020-10-15 09:22:58,本楼已被删除查看详情我要申诉
186861081,启于,1,0,0,85,2020-05-12 19:46:53, ,2020-10-15 14:11:05,本楼已被删除查看详情我要申诉
185627387,纯炉,1,0,0,56,2020-05-03 08:36:23, ,2020-10-15 19:19:25,本楼已被删除查看详情我要申诉
186636491,楚江孤通,1,0,0,31,2020-05-11 04:21:38, ,2020-10-15 19:35:51,本楼已被删除查看详情我要申诉
186727467,穿碎花裙的小阿誊,1,0,0,66,2020-05-11 18:50:37, ,2020-10-15 21:59:10,本楼已被删除查看详情我要申诉
179755607,何记忆落了空美,1,0,0,47,2020-02-15 18:55:00,广东 揭阳,2020-10-16 09:20:44,本楼已被删除查看详情我要申诉
173851681,扶曼健,1,0,0,12,2019-10-15 13:07:00,广东 揭阳,2020-10-16 11:42:51,本楼已被删除查看详情我要申诉
173029895,安溪漂亮女雌,1,0,1,25,2019-09-29 22:53:00,江苏 扬州,2020-10-16 13:25:26,本楼已被删除查看详情我要申诉
187435004,都是我惹的曰,1,0,0,50,2020-05-17 05:23:27, ,2020-10-16 22:57:10,本楼已被删除查看详情我要申诉
186819359,胖胖的轩轩,2,0,0,932,2020-05-12 13:52:11,广东 深圳,2020-10-17 16:17:27,本楼已被删除查看详情我要申诉
197900851,逞强好生,2,0,0,1523,2020-09-26 15:53:36,北京 ,2020-10-17 16:17:33,感觉很好玩
180365617,奥克斯4134,1,0,0,1101,2020-03-05 16:53:00,广西 钦州,2020-10-17 16:17:43,本楼已被删除查看详情我要申诉
102994042,ai8w7syfg,1,0,0,1541,2019-06-17 23:01:00,浙江 丽水,2020-10-17 16:17:44,本楼已被删除查看详情我要申诉
184431457,afvqvcm5bt1,1,0,0,377,2020-04-21 11:59:02,山西 长治,2020-10-17 16:17:47,本楼已被删除查看详情我要申诉
195251412,玉溪车友vxdjtg,1,0,0,855,2020-07-28 00:10:30,云南 玉溪,2020-10-17 16:18:07,本楼已被删除查看详情我要申诉
2831151,湘VTS,1,10,31,643,2010-07-03 13:28:00,湖南 长沙,2020-09-22 15:57:31,有T8的预算，有充电桩，肯定上T8，T8的动力不是T5一个概念的
3472996,北京车友cetime,1,0,0,6,2011-01-17 15:35:00,北京 ,2020-09-22 15:59:10,预算够上t8，用了你会更喜欢，好多人就是用了后发现还是配置高好，不然后期总想着改装，还不见得有原装好
24657243,nuokechina,1,0,68,544,2016-01-22 15:51:00,江苏 苏州,2020-09-22 16:23:09,T8我就后悔没有上T8上班代步用纯电不香嘛？能跑50公里，另外动力加速好像4秒还是多少来着，那酸爽
8772278,刨根儿问底栏目组,1,0,6,100,2013-10-21 14:48:00,河南 郑州,2020-09-22 17:08:18,你拍的是老款T8
40546510,出其不义,1,0,9,1834,2017-04-24 18:07:00,四川 成都,2020-09-22 17:51:13,还是看需求和使用环境，喜欢自驾的还是选择轮胎扁平率高些的。
3148538,过山锭弯,1,2,24,2144,2010-10-01 18:33:00,广西 梧州,2020-09-22 21:55:06,如果有T8的预算我会上T5智雅
191865747,上海车友bxtdm9,1,0,4,85,2020-06-23 20:31:28,上海 ,2020-09-22 22:07:29,过山锭弯2020/09/2221:55:06发表在6楼如果有T8的预算我会上T5智雅正解，智雅不香吗？
23721286,随渔而安,1,0,11,355,2015-12-19 11:21:00,甘肃 兰州,2020-09-23 06:33:10,T8秒杀同级BBA，T5没有这个实力🤗
59349434,cx40,1,0,11,3248,2017-10-09 16:13:00,四川 成都,2020-09-23 08:47:16,"随渔而安2020/09/2306:33:10发表在8楼T8秒杀同级BBA，T5没有这个实力🤗光加速快有屁用，我还是喜欢综合素质，以前我也考虑t8,自从知道t8四驱测试不能过就在也没有兴趣了，四驱测试估计就和bba一个档次了，哪有现在t5四驱吊打bba香"
3472996,酷巴哥,1,0,1,145,2014-01-02 21:59:00,四川 成都,2020-09-23 11:54:17,"cx402020/09/2308:47:16发表在9楼光加速快有屁用，我还是喜欢综合素质，以前我也考虑t8,自从知道t8四驱测试不能过就在也没有兴趣了，四驱测试估计就和bba一个档次了，哪有现在t5四驱吊打bba香看用车需求吧，不是特别差的路况，T8都没问题，城市SUV也不适合特别烂的路况"
9340290,smallflyingdream,1,0,34,657,2013-01-05 20:00:00,江苏 苏州,2020-09-23 16:13:51,落地价T5智雅和T8运动几乎无差，为啥要T5
23721286,你够狠味茄,1,0,0,56,2020-05-21 01:08:20, ,2020-09-24 06:50:28,"cx402020/09/2308:47:16发表在9楼光加速快有屁用，我还是喜欢综合素质，以前我也考虑t8,自从知道t8四驱测试不能过就在也没有兴趣了，四驱测试估计就和bba一个档次了，哪有现在t5四驱吊打bba香请给一下T8四驱不行的视频链接，学习一下。论坛里看到过对T8四驱大加赞赏的帖子，说他不行的帖子还真没看过。"
6275250,zypk,1,0,20,209,2012-09-25 23:02:00,上海 ,2020-09-24 09:56:45,"cx402020/09/2308:47:16发表在9楼光加速快有屁用，我还是喜欢综合素质，以前我也考虑t8,自从知道t8四驱测试不能过就在也没有兴趣了，四驱测试估计就和bba一个档次了，哪有现在t5四驱吊打bba香我也想看下，省的下次过不去坑闹笑话了"
187922651,ffggaaa,1,0,9,493,2012-01-19 13:50:00,广东 深圳,2020-10-13 17:55:28,本楼已被删除查看详情我要申诉
5739657,努力走驳,1,0,0,93,2020-06-26 00:36:09, ,2020-10-13 18:33:58,价格差不少呢，
4699179,爱也凭,1,0,0,105,2020-05-10 00:23:48, ,2020-10-13 18:50:29,T8
192097696,徐州吉普,1,0,9,56,2017-09-03 11:54:00,江苏 徐州,2020-10-14 08:39:09,本楼已被删除查看详情我要申诉
40546510,出其不义,1,0,9,1834,2017-04-24 18:07:00,四川 成都,2020-09-23 08:12:15,恭喜恭喜
63720418,石佛不慈悲,1,0,1,3,2017-12-07 01:10:00,四川 成都,2020-09-23 09:00:21,恭喜恭喜🎉
10879004,_诠释,1,0,26,151,2014-06-11 15:22:00,上海 ,2020-09-23 09:11:35,这颜色叫什么啊
12426397,lhrhf1,1,0,5,74,2014-09-23 21:08:00,四川 遂宁,2020-09-23 09:33:55,恭喜恭喜，有没有四川沃尔沃车友微信群啊，找组织！！！
40458551,faturi,1,0,7,83,2017-04-22 20:36:00,四川 成都,2020-09-23 12:58:07,_诠释2020/09/2309:11:35发表在地板这颜色叫什么啊什么灰来着松林灰好像是
40458551,你够狠味茄,1,0,0,56,2020-05-21 01:08:20, ,2020-09-23 12:58:52,出其不义2020/09/2308:12:15发表在沙发恭喜恭喜蟹蟹
187922651,Ecstancy,1,1,47,1982,2016-11-08 17:43:00,湖南 长沙,2020-10-13 17:55:21,本楼已被删除查看详情我要申诉
34286674,你开心我高钩,1,0,0,38,2020-04-28 09:35:07, ,2020-10-13 19:16:18,恭喜啊
185062641,努力走驳,1,0,0,93,2020-06-26 00:36:09, ,2020-10-13 21:25:21,本楼已被删除查看详情我要申诉
192097696,爱也凭,1,0,0,105,2020-05-10 00:23:48, ,2020-10-14 08:39:02,本楼已被删除查看详情我要申诉
186490648,薄荷加醋不及我心刽,1,0,0,203,2020-05-10 16:07:56, ,2020-10-14 12:02:23,本楼已被删除查看详情我要申诉
186563445,炳拥,1,0,0,75,2020-05-10 12:11:24, ,2020-10-15 09:23:17,本楼已被删除查看详情我要申诉
186533994,程雪淀,1,0,0,50,2020-05-03 03:24:58, ,2020-10-15 14:11:18,本楼已被删除查看详情我要申诉
185616255,楚江孤通,1,0,0,31,2020-05-11 04:21:38, ,2020-10-15 19:18:46,本楼已被删除查看详情我要申诉
186636491,崔成狼,1,0,0,22,2020-05-11 08:59:14, ,2020-10-15 19:35:20,本楼已被删除查看详情我要申诉
186651056,徐州车友psadyk,1,0,0,28,2020-05-03 15:28:56, ,2020-10-15 19:38:10,本楼已被删除查看详情我要申诉
185672732,穿碎花裙的小阿誊,1,0,0,66,2020-05-11 18:50:37, ,2020-10-15 21:16:07,本楼已被删除查看详情我要申诉
186727467,呆萌铅,1,0,0,44,2020-05-12 08:44:03, ,2020-10-15 21:58:55,本楼已被删除查看详情我要申诉
186784585,扶曼健,1,0,0,12,2019-10-15 13:07:00,广东 揭阳,2020-10-16 09:20:31,本楼已被删除查看详情我要申诉
172945601,创造生活的美好,2,0,1,1650,2019-09-28 12:05:00,广东 广州,2020-09-23 11:40:21,本楼已被删除查看详情我要申诉
151301239,勒布朗Focus23,1,0,4,833,2019-08-15 09:47:00,湖北 武汉,2020-09-23 14:38:47,车友们那里问一下
76234244,基霸猫,1,0,14,233,2018-06-12 15:25:00,广东 广州,2020-09-23 15:09:45,4s店或者途虎
185823091,傲枫正瓶,1,0,0,63,2020-05-04 21:39:22, ,2020-10-13 17:55:14,本楼已被删除查看详情我要申诉
185062641,你开心我高钩,1,0,0,38,2020-04-28 09:35:07, ,2020-10-13 21:25:14,本楼已被删除查看详情我要申诉
186696543,山项艳,1,0,0,92,2020-05-11 14:56:11, ,2020-10-14 08:38:40,本楼已被删除查看详情我要申诉
185820151,谊文思宁伸,1,0,0,138,2020-05-04 21:11:58, ,2020-10-14 12:02:21,本楼已被删除查看详情我要申诉
178963742,aedah4aeqcc,1,0,7,31,2020-01-21 19:57:00,江苏 南京,2020-10-14 12:45:20,京东有的卖的2100一只
186592572,普林尼铝,1,0,0,199,2020-05-10 19:51:11, ,2020-10-15 09:22:43,本楼已被删除查看详情我要申诉
185627387,纯炉,1,0,0,56,2020-05-03 08:36:23, ,2020-10-15 19:19:10,本楼已被删除查看详情我要申诉
185672732,徐州车友psadyk,1,0,0,28,2020-05-03 15:28:56, ,2020-10-15 21:15:51,本楼已被删除查看详情我要申诉
186727467,穿碎花裙的小阿誊,1,0,0,66,2020-05-11 18:50:37, ,2020-10-15 21:58:47,本楼已被删除查看详情我要申诉
179755607,何记忆落了空美,1,0,0,47,2020-02-15 18:55:00,广东 揭阳,2020-10-16 09:20:27,本楼已被删除查看详情我要申诉
173851681,扶曼健,1,0,0,12,2019-10-15 13:07:00,广东 揭阳,2020-10-16 11:42:28,本楼已被删除查看详情我要申诉
173029895,安溪漂亮女雌,1,0,1,25,2019-09-29 22:53:00,江苏 扬州,2020-10-16 13:25:11,本楼已被删除查看详情我要申诉
187435004,都是我惹的曰,1,0,0,50,2020-05-17 05:23:27, ,2020-10-16 22:56:54,本楼已被删除查看详情我要申诉
174716189,梦罗宋倪肤,2,0,0,40,2019-10-31 22:50:00,广东 广州,2020-10-17 18:13:58,本楼已被删除查看详情我要申诉
175718224,笪旋铁,2,0,0,27,2019-11-22 02:42:00,广东 中山,2020-10-18 11:41:08,本楼已被删除查看详情我要申诉
170452477,冷酷草,1,0,0,66,2019-08-18 01:04:00,北京 ,2020-10-18 20:47:31,本楼已被删除查看详情我要申诉
175396563,茶花般的女子汀,1,0,0,18,2019-11-15 04:21:00,安徽 宣城,2020-10-19 09:22:31,本楼已被删除查看详情我要申诉
12881961,Ray186888,1,0,12,241,2014-10-26 20:32:00,广东 广州,2020-09-23 10:04:37,t8是用255/40/r21的
179924755,小黄159,1,0,1,238,2020-02-21 14:04:00,湖北 武汉,2020-09-23 12:50:07,私信
186524042,笪竺步春握,1,0,0,57,2020-05-10 10:53:39, ,2020-10-13 17:55:16,本楼已被删除查看详情我要申诉
186611849,开旋陶窍,1,0,0,92,2020-05-10 22:14:41, ,2020-10-14 08:38:53,本楼已被删除查看详情我要申诉
186651478,女孩活出你的高姿八,1,0,0,135,2020-05-11 09:03:03, ,2020-10-14 12:02:11,本楼已被删除查看详情我要申诉
186677346,比永远差一率,1,0,0,202,2020-05-11 12:21:49, ,2020-10-15 09:22:34,本楼已被删除查看详情我要申诉
186640781,不让帅哥伤钉,1,0,0,79,2020-05-11 06:48:53, ,2020-10-15 14:11:04,本楼已被删除查看详情我要申诉
186806238,曾庆俏,1,0,0,54,2020-05-12 11:54:16, ,2020-10-15 19:18:36,本楼已被删除查看详情我要申诉
186651056,崔成狼,1,0,0,22,2020-05-11 08:59:14, ,2020-10-15 19:38:03,本楼已被删除查看详情我要申诉
185672732,徐州车友psadyk,1,0,0,28,2020-05-03 15:28:56, ,2020-10-15 21:15:59,本楼已被删除查看详情我要申诉
186612887,存在就拼帮,1,0,0,63,2020-05-10 22:22:19, ,2020-10-15 21:58:54,本楼已被删除查看详情我要申诉
22290407,16档,1,0,26,563,2015-11-02 19:29:00,北京 ,2020-10-15 22:36:49,去闲鱼找
175397787,姜大瞄,1,0,0,49,2019-11-15 06:04:00,安徽 安庆,2020-10-16 09:20:32,本楼已被删除查看详情我要申诉
174054808,爱的旅程回躁,1,0,1,15,2019-10-18 21:20:00,浙江 衢州,2020-10-16 11:42:21,本楼已被删除查看详情我要申诉
174472115,扰我温柔诱,1,0,0,30,2019-10-26 22:10:00,广东 东莞,2020-10-16 13:25:36,本楼已被删除查看详情我要申诉
76234244,基霸猫,1,0,14,233,2018-06-12 15:25:00,广东 广州,2020-10-16 14:04:54,途虎和4s都有，4s店大约贵15%
172047141,琴巧衙,1,0,3,63,2019-09-12 18:57:00,江苏 苏州,2020-10-16 22:56:52,本楼已被删除查看详情我要申诉
187436443,名麽戒汝,1,0,0,68,2020-05-17 06:18:44, ,2020-10-17 18:14:26,本楼已被删除查看详情我要申诉
173821295,黑河车友1s0fei,1,0,0,26,2019-10-14 20:24:00,江苏 连云港,2020-10-18 11:41:22,本楼已被删除查看详情我要申诉
170452477,冷酷草,1,0,0,66,2019-08-18 01:04:00,北京 ,2020-10-18 20:47:39,本楼已被删除查看详情我要申诉
37951517,wanjun5537,1,0,3,15,2017-02-16 16:22:00,江苏 徐州,2020-09-23 18:13:36,自已顶下
187922651,你够狠味茄,1,0,0,56,2020-05-21 01:08:20, ,2020-10-13 17:55:13,本楼已被删除查看详情我要申诉
186771283,翟缪富摈,1,0,0,36,2020-05-12 02:24:15, ,2020-10-13 21:25:15,本楼已被删除查看详情我要申诉
192097696,努力走驳,1,0,0,93,2020-06-26 00:36:09, ,2020-10-14 08:38:54,本楼已被删除查看详情我要申诉
186490648,爱也凭,1,0,0,105,2020-05-10 00:23:48, ,2020-10-14 12:02:15,本楼已被删除查看详情我要申诉
186563445,薄荷加醋不及我心刽,1,0,0,203,2020-05-10 16:07:56, ,2020-10-15 09:23:09,本楼已被删除查看详情我要申诉
186533994,炳拥,1,0,0,75,2020-05-10 12:11:24, ,2020-10-15 14:11:10,本楼已被删除查看详情我要申诉
185616255,程雪淀,1,0,0,50,2020-05-03 03:24:58, ,2020-10-15 19:18:38,本楼已被删除查看详情我要申诉
186651056,崔成狼,1,0,0,22,2020-05-11 08:59:14, ,2020-10-15 19:37:47,本楼已被删除查看详情我要申诉
185672732,徐州车友psadyk,1,0,0,28,2020-05-03 15:28:56, ,2020-10-15 21:15:44,本楼已被删除查看详情我要申诉
186612887,存在就拼帮,1,0,0,63,2020-05-10 22:22:19, ,2020-10-15 21:58:46,本楼已被删除查看详情我要申诉
186784585,呆萌铅,1,0,0,44,2020-05-12 08:44:03, ,2020-10-16 09:20:23,本楼已被删除查看详情我要申诉
174054808,爱的旅程回躁,1,0,1,15,2019-10-18 21:20:00,浙江 衢州,2020-10-16 11:42:13,本楼已被删除查看详情我要申诉
173006620,忻且,1,0,1,30,2019-09-29 15:20:00,内蒙古 乌兰察布,2020-10-16 13:25:25,本楼已被删除查看详情我要申诉
175389810,枫云蓝趋,1,0,0,42,2019-11-14 22:58:00,安徽 合肥,2020-10-16 22:56:47,本楼已被删除查看详情我要申诉
173848971,女人悲伤谁懂挨,2,0,0,67,2019-10-15 12:15:00,广东 茂名,2020-10-17 18:13:28,本楼已被删除查看详情我要申诉
174435977,英陶忆进套,2,0,0,39,2019-10-26 03:04:00,广东 茂名,2020-10-18 11:41:08,本楼已被删除查看详情我要申诉
170452477,冷酷草,1,0,0,66,2019-08-18 01:04:00,北京 ,2020-10-18 20:47:24,本楼已被删除查看详情我要申诉
175396563,茶花般的女子汀,1,0,0,18,2019-11-15 04:21:00,安徽 宣城,2020-10-19 09:22:23,本楼已被删除查看详情我要申诉
171819636,权羊轰,1,0,0,28,2019-09-09 11:57:00,广东 韶关,2020-10-19 10:21:34,本楼已被删除查看详情我要申诉
97376023,北京车友t7rjor,1,0,3,36,2019-03-23 19:51:00,北京 ,2020-09-23 11:01:52,恭喜恭喜，同款白色昨天提的车，同寻组织。
37969804,八戒踏平高老庄,1,0,3,3,2017-02-17 08:03:00,北京 ,2020-09-23 11:37:04,ar9d7gjwd2020/09/2311:01:52发表在沙发恭喜恭喜，同款白色昨天提的车，同寻组织。兄弟，等你拉我
69782810,宝之尊一阿俊,1,2,68,4.3万,2018-03-01 14:46:00,上海 ,2020-09-23 12:35:31,恭喜恭喜
197042389,青岛车友tzowfq,1,0,0,3,2020-09-13 16:47:09,北京 ,2020-09-24 15:00:54,请问落地价多少呀？送6年保养保修吗？
185823091,傲枫正瓶,1,0,0,63,2020-05-04 21:39:22, ,2020-10-13 17:55:06,本楼已被删除查看详情我要申诉
34286674,Ecstancy,1,1,47,1982,2016-11-08 17:43:00,湖南 长沙,2020-10-13 19:10:52,
16623972,soso2021,1,0,7,23,2015-04-12 10:38:00,陕西 西安,2020-10-13 21:09:19,双保多少钱
186771283,翟缪富摈,1,0,0,36,2020-05-12 02:24:15, ,2020-10-13 21:25:07,本楼已被删除查看详情我要申诉
186696543,山项艳,1,0,0,92,2020-05-11 14:56:11, ,2020-10-14 08:38:32,本楼已被删除查看详情我要申诉
185820151,谊文思宁伸,1,0,0,138,2020-05-04 21:11:58, ,2020-10-14 12:02:14,本楼已被删除查看详情我要申诉
186592572,普林尼铝,1,0,0,199,2020-05-10 19:51:11, ,2020-10-15 09:22:35,本楼已被删除查看详情我要申诉
186861081,启于,1,0,0,85,2020-05-12 19:46:53, ,2020-10-15 14:10:42,本楼已被删除查看详情我要申诉
185627387,纯炉,1,0,0,56,2020-05-03 08:36:23, ,2020-10-15 19:19:02,本楼已被删除查看详情我要申诉
186651056,崔成狼,1,0,0,22,2020-05-11 08:59:14, ,2020-10-15 19:37:32,本楼已被删除查看详情我要申诉
185672732,徐州车友psadyk,1,0,0,28,2020-05-03 15:28:56, ,2020-10-15 21:15:28,本楼已被删除查看详情我要申诉
186612887,存在就拼帮,1,0,0,63,2020-05-10 22:22:19, ,2020-10-15 21:58:38,本楼已被删除查看详情我要申诉
179755607,何记忆落了空美,1,0,0,47,2020-02-15 18:55:00,广东 揭阳,2020-10-16 09:20:20,本楼已被删除查看详情我要申诉
87481940,心田海洋,1,0,0,3,2018-12-02 22:51:00,广东 广州,2020-10-16 10:50:41,请问您多少钱？
174054808,爱的旅程回躁,1,0,1,15,2019-10-18 21:20:00,浙江 衢州,2020-10-16 11:42:06,本楼已被删除查看详情我要申诉
173029895,安溪漂亮女雌,1,0,1,25,2019-09-29 22:53:00,江苏 扬州,2020-10-16 13:25:03,本楼已被删除查看详情我要申诉
180989535,向前看春天,1,0,2,1769,2020-03-22 15:00:00,辽宁 抚顺,2020-09-23 11:40:48,问问车友群
151301239,勒布朗Focus23,1,0,4,833,2019-08-15 09:47:00,湖北 武汉,2020-09-23 14:52:22,老司机们应该知道
185062641,你开心我高钩,1,0,0,38,2020-04-28 09:35:07, ,2020-10-13 21:24:59,本楼已被删除查看详情我要申诉
192097696,努力走驳,1,0,0,93,2020-06-26 00:36:09, ,2020-10-14 08:38:46,本楼已被删除查看详情我要申诉
186490648,爱也凭,1,0,0,105,2020-05-10 00:23:48, ,2020-10-14 12:02:07,本楼已被删除查看详情我要申诉
186533994,炳拥,1,0,0,75,2020-05-10 12:11:24, ,2020-10-15 14:11:03,本楼已被删除查看详情我要申诉
185616255,程雪淀,1,0,0,50,2020-05-03 03:24:58, ,2020-10-15 19:18:30,本楼已被删除查看详情我要申诉
186651056,崔成狼,1,0,0,22,2020-05-11 08:59:14, ,2020-10-15 19:37:24,本楼已被删除查看详情我要申诉
185672732,徐州车友psadyk,1,0,0,28,2020-05-03 15:28:56, ,2020-10-15 21:15:21,本楼已被删除查看详情我要申诉
186727467,穿碎花裙的小阿誊,1,0,0,66,2020-05-11 18:50:37, ,2020-10-15 21:58:32,本楼已被删除查看详情我要申诉
186784585,呆萌铅,1,0,0,44,2020-05-12 08:44:03, ,2020-10-16 09:20:15,本楼已被删除查看详情我要申诉
173851681,扶曼健,1,0,0,12,2019-10-15 13:07:00,广东 揭阳,2020-10-16 11:42:13,本楼已被删除查看详情我要申诉
173006620,忻且,1,0,1,30,2019-09-29 15:20:00,内蒙古 乌兰察布,2020-10-16 13:25:17,本楼已被删除查看详情我要申诉
175389810,枫云蓝趋,1,0,0,42,2019-11-14 22:58:00,安徽 合肥,2020-10-16 22:56:40,本楼已被删除查看详情我要申诉
173848971,女人悲伤谁懂挨,2,0,0,67,2019-10-15 12:15:00,广东 茂名,2020-10-17 18:13:20,本楼已被删除查看详情我要申诉
24118768,宜华股票,1,0,4,31,2016-01-02 18:47:00,河北 石家庄,2020-10-17 21:39:44,先用车内蓝牙和你那个手机匹配，只要是连上了再放什么都可以啊。
174435977,英陶忆进套,2,0,0,39,2019-10-26 03:04:00,广东 茂名,2020-10-18 11:41:01,本楼已被删除查看详情我要申诉
170452477,冷酷草,1,0,0,66,2019-08-18 01:04:00,北京 ,2020-10-18 20:47:00,本楼已被删除查看详情我要申诉
172285358,规矩懒小申,1,0,0,59,2019-09-16 19:41:00,北京 ,2020-10-18 20:47:43,本楼已被删除查看详情我要申诉
175396563,茶花般的女子汀,1,0,0,18,2019-11-15 04:21:00,安徽 宣城,2020-10-19 09:21:59,本楼已被删除查看详情我要申诉
200252128,深圳车友puj8tc,1,0,4,20,2020-08-07 17:15:12,北京 ,2020-10-30 01:00:48,没有共振，感觉隔音挺不错
4699179,ffggaaa,1,0,9,493,2012-01-19 13:50:00,广东 深圳,2020-10-30 03:04:34,低频共振（低频噪音）是车都有的，只是这个低频共振达不达到影响你。xc60能影响你的话X3你也会受不了。隔音中规中矩，xc60绝对不是最差哪台。雷克萨斯做全车隔音的话你会觉得性价比不高，XC60去做全车隔音，你会觉得性价比很高。
7922768,opteron146,1,6,55,2655,2013-06-23 21:03:00,浙江 杭州,2020-10-30 08:31:17,1、真实车主表示，没有共振，啥是共振？2、比X3隔音略差，主要是发动机声音，外界的声音隔绝的比较好。3、可以后期加装隔音，请装潢店给你出个方案，但是不要抱太大希望，效果很一般很一般。4、作为和X3差价在8万元以上的XC60，车主表示真香……这8万干点啥不好呢……
53719966,我心飞翔ww6,1,0,6,270,2017-06-28 16:03:00,四川 德阳,2020-10-30 23:18:21,我是认证车主，我摸良心说话，我的车共振，而且伤害身心健康。
18650772,残余鸟,1,0,4,385,2015-06-26 08:32:00,上海 ,2020-10-31 07:49:09,没有共振，隔音OK
11449974,痒嘻嘻痒嘻嘻,1,3,10,207,2014-07-19 14:33:00,四川 成都,2020-11-06 20:49:03,有
191876043,suvlovepk,1,0,14,414,2020-06-23 22:16:17,辽宁 大连,2020-11-06 21:25:55,x3多丑，和x1口碑一样
4228993,我牵你走,1,1,20,1289,2011-09-09 14:32:00,陕西 榆林,2020-11-09 10:19:57,之前开408，现在刚换智逸，觉得120以内没有什么声音，反正很完美。
7541575,hhgzhf,1,0,0,24,2013-05-01 22:29:00,广东 深圳,2020-11-09 10:47:08,我的有，压耳膜，已经自己解决大部分
11449974,东营车友_松鼠,1,0,0,3,2020-11-10 14:21:33,山东 东营,2020-11-09 12:09:18,hhgzhf2020/11/0910:47:08发表在9楼我的有，压耳膜，已经自己解决大部分请教下做了哪些处理，效果如何
205099357,2012塔夫绸白FF,1,0,33,139,2012-03-29 20:36:00,广东 汕头,2020-11-12 14:46:50,刚提车，没发现
187372305,倒车王中王,1,0,0,3799,2020-05-16 16:55:50,广东 东莞,2020-09-23 12:31:38,沃尔沃xc60车内的话，还是建议直接放到一个前排的话，会相对来说的话，比较舒服的呢
9526090,囧末未,1,0,9,216,2014-02-06 15:06:00,江苏 南京,2020-09-23 12:36:32,放倒后排加个垫子会更舒服一些。
14740315,成都车友2ngjzc,1,0,43,2908,2015-01-27 08:56:00,四川 成都,2020-09-23 13:52:35,放倒后排，一张双人床。
6856548,颤栗99,1,5,66,1535,2013-04-07 11:26:00,江西 赣州,2020-09-23 15:12:19,过夜的话肯定放倒后排，把过道垫高放枕头
102029203,该吃吃该呵呵,1,0,2,1884,2019-06-03 13:10:00,陕西 西安,2020-09-23 17:18:34,放倒后排舒服一些吧
185823091,傲枫正瓶,1,0,0,63,2020-05-04 21:39:22, ,2020-10-13 17:54:58,本楼已被删除查看详情我要申诉
185062641,你开心我高钩,1,0,0,38,2020-04-28 09:35:07, ,2020-10-13 21:24:51,本楼已被删除查看详情我要申诉
186696543,山项艳,1,0,0,92,2020-05-11 14:56:11, ,2020-10-14 08:38:24,本楼已被删除查看详情我要申诉
185820151,谊文思宁伸,1,0,0,138,2020-05-04 21:11:58, ,2020-10-14 12:02:06,本楼已被删除查看详情我要申诉
37379101,阿明8728,1,0,5,117,2017-01-26 21:50:00,北京 ,2020-10-15 06:58:26,放到后排，我先在就躺着呢，超级棒
186592572,普林尼铝,1,0,0,199,2020-05-10 19:51:11, ,2020-10-15 09:22:27,本楼已被删除查看详情我要申诉
65024770,小死WJ,1,0,2,67,2017-12-20 20:12:00,辽宁 沈阳,2020-10-15 09:44:00,闭眼睛睡觉
186861081,启于,1,0,0,85,2020-05-12 19:46:53, ,2020-10-15 14:10:35,本楼已被删除查看详情我要申诉
185627387,纯炉,1,0,0,56,2020-05-03 08:36:23, ,2020-10-15 19:18:54,本楼已被删除查看详情我要申诉
186651056,崔成狼,1,0,0,22,2020-05-11 08:59:14, ,2020-10-15 19:37:09,本楼已被删除查看详情我要申诉
185672732,徐州车友psadyk,1,0,0,28,2020-05-03 15:28:56, ,2020-10-15 21:15:06,本楼已被删除查看详情我要申诉
186727467,穿碎花裙的小阿誊,1,0,0,66,2020-05-11 18:50:37, ,2020-10-15 21:58:24,本楼已被删除查看详情我要申诉
22290407,16档,1,0,26,563,2015-11-02 19:29:00,北京 ,2020-10-15 22:38:51,放倒后排，头朝车尾睡。
179755607,何记忆落了空美,1,0,0,47,2020-02-15 18:55:00,广东 揭阳,2020-10-16 09:20:12,本楼已被删除查看详情我要申诉
173851681,扶曼健,1,0,0,12,2019-10-15 13:07:00,广东 揭阳,2020-10-16 11:42:05,本楼已被删除查看详情我要申诉
74342061,嗡嗡沃以忍为本,1,0,9,379,2018-05-10 23:13:00,江苏 南京,2020-09-23 23:39:53,5毛贴
197832145,哈尔滨车友ozsdgy,1,0,0,5,2020-09-25 11:25:35,吉林 辽源,2020-09-25 13:54:15,哈哈，遇到同样的选择困惑
186524042,笪竺步春握,1,0,0,57,2020-05-10 10:53:39, ,2020-10-13 17:55:00,本楼已被删除查看详情我要申诉
34286674,Ecstancy,1,1,47,1982,2016-11-08 17:43:00,湖南 长沙,2020-10-13 19:11:28,说得对
186771283,翟缪富摈,1,0,0,36,2020-05-12 02:24:15, ,2020-10-13 21:24:59,本楼已被删除查看详情我要申诉
186611849,开旋陶窍,1,0,0,92,2020-05-10 22:14:41, ,2020-10-14 08:38:37,本楼已被删除查看详情我要申诉
186651478,女孩活出你的高姿八,1,0,0,135,2020-05-11 09:03:03, ,2020-10-14 12:01:56,本楼已被删除查看详情我要申诉
186677346,比永远差一率,1,0,0,202,2020-05-11 12:21:49, ,2020-10-15 09:22:18,本楼已被删除查看详情我要申诉
186806238,曾庆俏,1,0,0,54,2020-05-12 11:54:16, ,2020-10-15 19:18:20,本楼已被删除查看详情我要申诉
186651056,崔成狼,1,0,0,22,2020-05-11 08:59:14, ,2020-10-15 19:37:17,本楼已被删除查看详情我要申诉
185672732,徐州车友psadyk,1,0,0,28,2020-05-03 15:28:56, ,2020-10-15 21:15:13,本楼已被删除查看详情我要申诉
186612887,存在就拼帮,1,0,0,63,2020-05-10 22:22:19, ,2020-10-15 21:58:31,本楼已被删除查看详情我要申诉
175397787,姜大瞄,1,0,0,49,2019-11-15 06:04:00,安徽 安庆,2020-10-16 09:20:16,本楼已被删除查看详情我要申诉
174054808,爱的旅程回躁,1,0,1,15,2019-10-18 21:20:00,浙江 衢州,2020-10-16 11:41:58,本楼已被删除查看详情我要申诉
174472115,扰我温柔诱,1,0,0,30,2019-10-26 22:10:00,广东 东莞,2020-10-16 13:25:21,本楼已被删除查看详情我要申诉
172047141,琴巧衙,1,0,3,63,2019-09-12 18:57:00,江苏 苏州,2020-10-16 22:56:36,本楼已被删除查看详情我要申诉
178809838,木木哒889,2,0,0,1575,2020-01-17 22:13:00,广东 佛山,2020-10-17 17:17:30,本楼已被删除查看详情我要申诉
180032322,S有车一族S,1,0,0,1155,2020-02-24 18:48:00,河南 信阳,2020-10-17 17:17:33,本楼已被删除查看详情我要申诉
180172493,美丽的你可爱的我,1,0,7,730,2020-02-28 18:07:00,江苏 镇江,2020-10-17 17:18:40,车好看！！
180172442,浪迹天涯nice,1,0,7,687,2020-02-28 18:04:00,江苏 镇江,2020-10-17 17:19:13,现在多少钱了啊
24317877,jackal1988,1,2,20,386,2016-01-09 12:36:00,上海 ,2020-09-23 13:54:00,"个人倾向T8豪华~运动21寸轮毂虽然好看,但是路况恶劣的时候舒适度不如20寸,且不抗造~"
9340290,酷巴哥,1,0,1,145,2014-01-02 21:59:00,四川 成都,2020-09-23 16:08:51,和T5智雅差不多的落地价，我也定了T8
202643,youming,1,1,116,5633,2006-12-24 22:56:00,河南 郑州,2020-09-23 18:10:16,可惜就是没有t8致远豪华版，真不喜欢这个运动。
194840657,猛蛋,1,0,5,41,2020-07-23 19:37:17,上海 ,2020-09-23 20:32:43,youming2020/09/2318:10:16发表在地板可惜就是没有t8致远豪华版，真不喜欢这个运动。是啊，我也不喜欢运动版的前脸。
187922651,你够狠味茄,1,0,0,56,2020-05-21 01:08:20, ,2020-10-13 17:54:57,本楼已被删除查看详情我要申诉
34286674,Ecstancy,1,1,47,1982,2016-11-08 17:43:00,湖南 长沙,2020-10-13 19:13:49,有水晶档把吗
186771283,翟缪富摈,1,0,0,36,2020-05-12 02:24:15, ,2020-10-13 21:24:52,本楼已被删除查看详情我要申诉
192097696,努力走驳,1,0,0,93,2020-06-26 00:36:09, ,2020-10-14 08:38:39,本楼已被删除查看详情我要申诉
186490648,爱也凭,1,0,0,105,2020-05-10 00:23:48, ,2020-10-14 12:02:00,本楼已被删除查看详情我要申诉
186563445,薄荷加醋不及我心刽,1,0,0,203,2020-05-10 16:07:56, ,2020-10-15 09:22:54,本楼已被删除查看详情我要申诉
186533994,炳拥,1,0,0,75,2020-05-10 12:11:24, ,2020-10-15 14:10:55,本楼已被删除查看详情我要申诉
186651056,崔成狼,1,0,0,22,2020-05-11 08:59:14, ,2020-10-15 19:37:02,本楼已被删除查看详情我要申诉
185672732,徐州车友psadyk,1,0,0,28,2020-05-03 15:28:56, ,2020-10-15 21:14:58,本楼已被删除查看详情我要申诉
186612887,存在就拼帮,1,0,0,63,2020-05-10 22:22:19, ,2020-10-15 21:58:23,本楼已被删除查看详情我要申诉
186784585,呆萌铅,1,0,0,44,2020-05-12 08:44:03, ,2020-10-16 09:20:07,本楼已被删除查看详情我要申诉
174054808,爱的旅程回躁,1,0,1,15,2019-10-18 21:20:00,浙江 衢州,2020-10-16 11:41:50,本楼已被删除查看详情我要申诉
173006620,忻且,1,0,1,30,2019-09-29 15:20:00,内蒙古 乌兰察布,2020-10-16 13:25:09,本楼已被删除查看详情我要申诉
81214147,开着M去流浪,1,0,2,144,2018-09-19 11:34:00,江苏 南通,2020-10-16 19:50:39,多少钱啊！t8有几个版本
175389810,枫云蓝趋,1,0,0,42,2019-11-14 22:58:00,安徽 合肥,2020-10-16 22:56:32,本楼已被删除查看详情我要申诉
172945601,创造生活的美好,2,0,1,1650,2019-09-28 12:05:00,广东 广州,2020-10-17 17:13:55,本楼已被删除查看详情我要申诉
3569176,尼古拉斯想得开,1,0,31,425,2011-02-25 16:59:00,宁夏 银川,2020-09-23 19:45:27,左边比右边低，出厂就这设置，保护对向车道车辆
27865658,JSYZNANCY,1,1,30,943,2012-10-14 17:49:00,江苏 扬州,2020-09-23 15:15:49,这个建议你去售后的地方，让师傅给你条件需要晚上调节，白天调节看不出来，或者是去修配厂。师傅都会调节的。
5812552,kevin4321,1,1,8,86,2015-08-03 23:47:00,北京 ,2020-09-23 15:46:41,出厂就设置的高度有差异，不过60CM也太大了点，去售后吧
19645435,大爷100岁,1,0,4,21,2016-06-08 19:04:00,上海 ,2020-09-23 16:13:56,60CM?
28338215,乱叫归害去,1,0,1,1720,2020-01-03 19:49:00,江西 赣州,2020-09-23 16:58:04,kevin43212020/09/2316:13:56发表在地板60CM?是的，至少60cm
28338215,lx0418A,1,0,61,1.1万,2011-06-02 21:02:00,湖南 长沙,2020-09-23 16:59:01,JSYZNANCY2020/09/2315:46:41发表在板凳出厂就设置的高度有差异，不过60CM也太大了点，去售后吧现在开了3000km不到，打算首保去让售后看看！
178232014,傲枫正瓶,1,0,0,63,2020-05-04 21:39:22, ,2020-09-23 17:31:32,本楼已被删除查看详情我要申诉
3569176,翟缪富摈,1,0,0,36,2020-05-12 02:24:15, ,2020-09-23 19:45:27,左边比右边低，出厂就这设置，保护对向车道车辆
3895030,山项艳,1,0,0,92,2020-05-11 14:56:11, ,2020-09-24 21:24:53,本来就是左低右高，设计就要如此
185823091,谊文思宁伸,1,0,0,138,2020-05-04 21:11:58, ,2020-10-13 17:54:50,本楼已被删除查看详情我要申诉
186771283,普林尼铝,1,0,0,199,2020-05-10 19:51:11, ,2020-10-13 21:24:44,本楼已被删除查看详情我要申诉
186696543,启于,1,0,0,85,2020-05-12 19:46:53, ,2020-10-14 08:38:17,本楼已被删除查看详情我要申诉
185820151,沃的理想20081980,1,0,6,129,2019-06-06 08:24:00,浙江 宁波,2020-10-14 12:01:58,本楼已被删除查看详情我要申诉
186592572,纯炉,1,0,0,56,2020-05-03 08:36:23, ,2020-10-15 09:22:19,本楼已被删除查看详情我要申诉
186861081,崔成狼,1,0,0,22,2020-05-11 08:59:14, ,2020-10-15 14:10:27,本楼已被删除查看详情我要申诉
102206713,存在就拼帮,1,0,0,63,2020-05-10 22:22:19, ,2020-10-15 17:04:03,60CM？？？60MM吧！到引擎才多高
185627387,何记忆落了空美,1,0,0,47,2020-02-15 18:55:00,广东 揭阳,2020-10-15 19:18:47,本楼已被删除查看详情我要申诉
186651056,爱的旅程回躁,1,0,1,15,2019-10-18 21:20:00,浙江 衢州,2020-10-15 19:36:47,本楼已被删除查看详情我要申诉
186612887,四季xiaotian,1,0,4,2.2万,2016-05-18 17:30:00,吉林 ,2020-10-15 21:58:16,本楼已被删除查看详情我要申诉
185062641,你开心我高钩,1,0,0,38,2020-04-28 09:35:07, ,2020-10-13 21:24:44,本楼已被删除查看详情我要申诉
186611849,开旋陶窍,1,0,0,92,2020-05-10 22:14:41, ,2020-10-14 08:38:29,本楼已被删除查看详情我要申诉
186651478,女孩活出你的高姿八,1,0,0,135,2020-05-11 09:03:03, ,2020-10-14 12:01:48,本楼已被删除查看详情我要申诉
186677346,比永远差一率,1,0,0,202,2020-05-11 12:21:49, ,2020-10-15 09:22:10,本楼已被删除查看详情我要申诉
186640781,不让帅哥伤钉,1,0,0,79,2020-05-11 06:48:53, ,2020-10-15 14:10:40,本楼已被删除查看详情我要申诉
186806238,曾庆俏,1,0,0,54,2020-05-12 11:54:16, ,2020-10-15 19:18:12,本楼已被删除查看详情我要申诉
186651056,崔成狼,1,0,0,22,2020-05-11 08:59:14, ,2020-10-15 19:36:54,本楼已被删除查看详情我要申诉
185672732,徐州车友psadyk,1,0,0,28,2020-05-03 15:28:56, ,2020-10-15 21:14:50,本楼已被删除查看详情我要申诉
186727467,穿碎花裙的小阿誊,1,0,0,66,2020-05-11 18:50:37, ,2020-10-15 21:58:16,本楼已被删除查看详情我要申诉
175397787,姜大瞄,1,0,0,49,2019-11-15 06:04:00,安徽 安庆,2020-10-16 09:20:08,本楼已被删除查看详情我要申诉
173851681,扶曼健,1,0,0,12,2019-10-15 13:07:00,广东 揭阳,2020-10-16 11:41:57,本楼已被删除查看详情我要申诉
174472115,扰我温柔诱,1,0,0,30,2019-10-26 22:10:00,广东 东莞,2020-10-16 13:25:13,本楼已被删除查看详情我要申诉
172047141,琴巧衙,1,0,3,63,2019-09-12 18:57:00,江苏 苏州,2020-10-16 22:56:28,本楼已被删除查看详情我要申诉
180032322,S有车一族S,1,0,0,1155,2020-02-24 18:48:00,河南 信阳,2020-10-17 17:13:57,本楼已被删除查看详情我要申诉
171355872,人生处处是惊喜58,1,0,0,663,2019-09-02 12:39:00,广西 百色,2020-10-17 17:15:35,本楼已被删除查看详情我要申诉
180172493,美丽的你可爱的我,1,0,7,730,2020-02-28 18:07:00,江苏 镇江,2020-10-17 17:16:07,在同级别车中，这款车还是不错的，可以考虑
178809838,木木哒889,2,0,0,1575,2020-01-17 22:13:00,广东 佛山,2020-10-17 17:16:33,本楼已被删除查看详情我要申诉
180172442,浪迹天涯nice,1,0,7,687,2020-02-28 18:04:00,江苏 镇江,2020-10-17 17:16:46,现在什么价位了
193537928,妖娆的美女倾城,1,0,0,75,2020-07-10 08:33:55,江苏 镇江,2020-10-17 17:19:53,沃尔沃还是值得信赖的
202449261,生活依旧灿烂Bhc,1,0,0,380,2020-10-12 09:30:00,北京 ,2020-10-17 17:20:47,本楼已被删除查看详情我要申诉
16225804,luowei357,1,0,7,357,2015-03-26 18:03:00,湖北 武汉,2020-09-23 18:34:14,沃尔沃，你的安全保障
6354846,gss0931,1,0,11,225,2013-01-18 15:45:00,上海 ,2020-09-23 18:37:01,安全就好
16811629,qinet2,1,0,82,638,2015-04-18 23:43:00,上海 ,2020-09-23 18:39:20,必须沃尔沃！
66721905,明月千里2018,1,0,16,680,2018-01-13 17:10:00,北京 ,2020-09-23 20:43:59,雨大，视线不清，立即打开双闪，后雨刮，视情况减速慢行。
19575662,骨子里是汽油,1,0,25,1186,2015-08-01 08:29:00,湖北 武汉,2020-09-23 21:09:35,这次逃过一劫跟你自己的驾驶技术有很大关系，车辆已经开始侧滑，你自己凭驾驶经验不停修正方向，才可以化险为夷。也许车子的ESP也在暗中帮助！！！
13193767,15新明,1,0,33,527,2014-11-12 09:00:00,江苏 南京,2020-09-23 22:16:44,花钱提窝窝就为这种时候帮大忙
1293617,cuing,1,0,6,907,2009-05-06 08:44:00,湖南 湘潭,2020-09-23 23:15:29,提车才一个月，就有五次主动保护，实际上真正危险的也就两次，但确实是帮了大忙。不过这样下去，我担心自己会有惰性，另外，以后也不“敢”开其他品牌车了
181407927,白桦林379,1,0,40,262,2020-03-26 15:17:00,北京 ,2020-09-24 07:17:30,下大雨开到100，算挺快了，还是自己要注意。
8596426,弋艏謌徳莳锏,1,1,18,1854,2013-09-29 17:24:00,山东 济南,2020-09-24 09:33:01,下大雨，视线都不清楚了。100是极限了，再快并道就会打滑了，加速超过并行车辆这个处理没毛病，这种并行并且还有大车的情况，。但是大雨高速上积水，是无法肉眼观察的。总之，安全行车，安全第一位！幸亏是沃尔沃啊！
7772876,哈士齊,1,0,19,1721,2013-06-01 20:52:00,北京 ,2020-09-24 11:13:07,看来我还是得把车道保持打开，为了图方便把这个关掉了
3473200,黑丝带,1,1,36,981,2011-01-17 16:35:00,河北 石家庄,2020-09-24 11:22:01,安全在沃。
41626358,穗的秘密,1,1,9,189,2017-05-15 15:46:00,河南 信阳,2020-09-24 12:28:55,第一：好在你是沃尔沃。第二：好在你是四驱车，你这种险情四驱是最好的帮手，esp肯定介入，这时候动力会限制，四驱车每个轮子平衡，不容易失控。要是个后驱你试试！后驱最怕积水，横风路况！
10296201,上海好男银,1,0,60,321,2014-04-21 05:17:00,上海 ,2020-09-24 13:24:16,明月千里20182020/09/2320:43:59发表在4楼雨大，视线不清，立即打开双闪，后雨刮，视情况减速慢行。打开示宽灯，还双闪呢！
20972442,小车大家,1,1,13,301,2015-09-21 09:08:00,山东 淄博,2020-09-24 13:50:01,沃尔沃，名不虚传！
20972442,ffggaaa,1,0,9,493,2012-01-19 13:50:00,广东 深圳,2020-09-24 13:53:39,
4699179,af3sly8,1,0,4,103,2017-05-25 22:56:00,山东 聊城,2020-09-24 13:53:44,明月千里20182020/09/2320:43:59发表在4楼雨大，视线不清，立即打开双闪，后雨刮，视情况减速慢行。打前后雾灯，打双闪是不对的
4715373,米兰泡泡龙,1,2,61,942,2012-01-29 10:23:00,四川 绵阳,2020-09-24 12:22:37,绿字当头
1674348,migutsy,1,36,134,2680,2009-09-12 23:46:00,安徽 合肥,2020-09-24 17:50:06,此主帖已经被migutsy设为精华帖帖子标题：内蒙古沃尔沃车友会车友婚礼纪念贴精华理由：精彩作业
185823091,傲枫正瓶,1,0,0,63,2020-05-04 21:39:22, ,2020-10-13 17:54:34,本楼已被删除查看详情我要申诉
34286674,Ecstancy,1,1,47,1982,2016-11-08 17:43:00,湖南 长沙,2020-10-13 19:14:56,恭喜恭喜
186771283,翟缪富摈,1,0,0,36,2020-05-12 02:24:15, ,2020-10-13 21:24:21,本楼已被删除查看详情我要申诉
186696543,山项艳,1,0,0,92,2020-05-11 14:56:11, ,2020-10-14 08:38:01,本楼已被删除查看详情我要申诉
185820151,谊文思宁伸,1,0,0,138,2020-05-04 21:11:58, ,2020-10-14 12:01:43,本楼已被删除查看详情我要申诉
186592572,普林尼铝,1,0,0,199,2020-05-10 19:51:11, ,2020-10-15 09:22:04,本楼已被删除查看详情我要申诉
186861081,启于,1,0,0,85,2020-05-12 19:46:53, ,2020-10-15 14:10:12,本楼已被删除查看详情我要申诉
185627387,纯炉,1,0,0,56,2020-05-03 08:36:23, ,2020-10-15 19:18:31,本楼已被删除查看详情我要申诉
186651056,崔成狼,1,0,0,22,2020-05-11 08:59:14, ,2020-10-15 19:36:00,本楼已被删除查看详情我要申诉
185672732,徐州车友psadyk,1,0,0,28,2020-05-03 15:28:56, ,2020-10-15 21:13:57,本楼已被删除查看详情我要申诉
99671251,onghoo,1,0,2,914,2019-04-26 15:41:00,重庆 ,2020-10-15 21:33:50,
186612887,存在就拼帮,1,0,0,63,2020-05-10 22:22:19, ,2020-10-15 21:57:53,本楼已被删除查看详情我要申诉
179755607,何记忆落了空美,1,0,0,47,2020-02-15 18:55:00,广东 揭阳,2020-10-16 09:19:49,本楼已被删除查看详情我要申诉
174054808,爱的旅程回躁,1,0,1,15,2019-10-18 21:20:00,浙江 衢州,2020-10-16 11:41:20,本楼已被删除查看详情我要申诉
102299375,玉林车友a6lma7,2,0,0,703,2019-06-07 19:17:00,北京 ,2020-10-16 18:19:31,本楼已被删除查看详情我要申诉
197899714,反骨徒弟,1,0,0,534,2020-09-26 15:31:08,北京 ,2020-10-16 18:21:25,本楼已被删除查看详情我要申诉
101848362,蝴蝶哈哈,1,0,0,1.0万,2019-05-31 12:15:00,海南 海口,2020-10-16 18:22:25,本楼已被删除查看详情我要申诉
202689727,忧郁的心啊,1,0,0,249,2020-10-15 17:58:27,内蒙古 呼和浩特,2020-10-16 18:22:27,本楼已被删除查看详情我要申诉
17254057,驿动心路,1,8,21,143,2015-05-08 12:21:00,北京 ,2020-09-23 20:00:42,这个论坛好像发不了自驾游，还是发在主贴吧
66721905,明月千里2018,1,0,16,680,2018-01-13 17:10:00,北京 ,2020-09-23 20:40:26,
17254057,ning0123,1,0,20,251,2017-05-31 08:29:00,广东 广州,2020-09-23 20:58:45,为什么手机能发图片，电脑发不了图片？
51941511,15新明,1,0,33,527,2014-11-12 09:00:00,江苏 南京,2020-09-23 22:09:51,电脑可以发图片呀！
13193767,cuing,1,0,6,907,2009-05-06 08:44:00,湖南 湘潭,2020-09-23 22:13:34,一来一回可以直接去保养了
17254057,leileiboy,1,17,63,2.9万,2014-10-11 15:17:00,北京 ,2020-09-23 22:17:54,15新明2020/09/2322:13:34发表在5楼一来一回可以直接去保养了再跑3000多公里就去保养
17254057,我就随便看看贴,1,0,0,65,2020-04-16 07:07:13,上海 ,2020-09-23 22:18:41,ning01232020/09/2322:09:51发表在4楼电脑可以发图片呀！现在还发不了图片，手机发图片太累了，不过我坚持搞完这个帖子。
1293617,migutsy,1,36,134,2680,2009-09-12 23:46:00,安徽 合肥,2020-09-23 23:09:14,那是湘潭一桥，是个“古董”桥了。
12653522,飞沙18151,1,1,34,1.9万,2012-11-19 22:13:00,山西 太原,2020-09-23 23:39:20,羡慕呀。北京窝窝车友会期待楼主加入呀
184020037,逆旅背包客,1,0,9,49,2020-06-08 20:08:37,北京 ,2020-09-24 01:34:11,15分，都怎么扣的呀
1674348,你够狠味茄,1,0,0,56,2020-05-21 01:08:20, ,2020-09-24 09:27:37,此主帖已经被migutsy设为精华帖帖子标题：2020年9月自驾沃尔沃XC60北京---桂林---珠海---广州----北京精华理由：精彩作业
17254057,翟缪富摈,1,0,0,36,2020-05-12 02:24:15, ,2020-09-24 11:25:13,我就随便看看贴2020/09/2401:34:11发表在10楼15分，都怎么扣的呀超速
6000273,feifeizhu150,1,0,2,4,2018-09-26 10:00:00,北京 ,2020-09-24 17:37:46,这相当于全跑路上了，
190250719,努力走驳,1,0,0,93,2020-06-26 00:36:09, ,2020-09-24 21:49:27,好贴！当带大家旅游了
99235859,91努力奋斗,1,41,257,1.3万,2019-04-20 11:40:00,江苏 南京,2020-09-24 00:00:34,提车的时候首先看看车子的生产日期看看是否库存车子，检查车子的外面漆面内饰，还有车子的发票合格证等是否齐全。
191156267,薛草头,1,2,8,249,2020-06-16 17:26:35,上海 ,2020-09-24 09:23:21,看我贴子里的验车篇，写的很详细了，够你用！
178862154,李杰民比,1,0,0,53,2020-01-19 11:31:00,河南 郑州,2020-09-24 09:24:49,本楼已被删除查看详情我要申诉
190798444,sc冰之泪,1,0,4,23,2020-06-13 21:02:18,四川 成都,2020-09-24 10:27:32,91努力奋斗2020/09/2400:00:34发表在沙发提车的时候首先看看车子的生产日期看看是否库存车子，检查车子的外面漆面内饰，还有车子的发票合格证等是否齐全。谢谢
190798444,agdoyvmhywu,1,0,0,4,2020-06-22 01:41:05,上海 ,2020-09-24 10:27:40,草头饼2020/09/2409:23:21发表在板凳看我贴子里的验车篇，写的很详细了，够你用！好的，谢谢
191685517,geningy,1,0,1,169,2011-09-13 12:18:00,江苏 南京,2020-09-24 10:42:16,草头饼2020/09/2409:23:21发表在板凳看我贴子里的验车篇，写的很详细了，够你用！我就是参考你的帖子准备去提车的！~我们两情况差不多，你去无锡上牌，我去江苏上牌。
191156267,路元老,1,0,10,104,2012-08-16 16:08:00,四川 成都,2020-09-24 11:05:06,agdoyvmhywu2020/09/2410:42:16发表在6楼我就是参考你的帖子准备去提车的！~我们两情况差不多，你去无锡上牌，我去江苏上牌。很有意思，所以么，历程差不多，方便大家信息互通。
4240200,minoan1,1,0,0,6,2019-05-29 00:51:00,四川 成都,2020-09-24 11:26:37,也就是看看出厂时间，看看外观，其他就是拼人品了
5547500,笪竺步春握,1,0,0,57,2020-05-10 10:53:39, ,2020-09-26 23:04:22,兄弟。你好落地好多钱.成都哪个店.谢谢
101696428,你开心我高钩,1,0,0,38,2020-04-28 09:35:07, ,2020-09-27 02:51:30,成都的提成的价格是多少呢
186524042,开旋陶窍,1,0,0,92,2020-05-10 22:14:41, ,2020-10-13 17:54:37,本楼已被删除查看详情我要申诉
185062641,女孩活出你的高姿八,1,0,0,135,2020-05-11 09:03:03, ,2020-10-13 21:24:21,本楼已被删除查看详情我要申诉
186611849,不让帅哥伤钉,1,0,0,79,2020-05-11 06:48:53, ,2020-10-14 08:38:14,本楼已被删除查看详情我要申诉
186651478,无锡车友ffch4z,1,0,2,3,2019-10-05 12:17:00,北京 ,2020-10-14 12:01:33,本楼已被删除查看详情我要申诉
186640781,曾庆俏,1,0,0,54,2020-05-12 11:54:16, ,2020-10-15 14:10:24,本楼已被删除查看详情我要申诉
173313103,徐州车友psadyk,1,0,0,28,2020-05-03 15:28:56, ,2020-10-15 15:26:22,我明天上午也去提车，无锡市东方汽车
186806238,穿碎花裙的小阿誊,1,0,0,66,2020-05-11 18:50:37, ,2020-10-15 19:17:57,本楼已被删除查看详情我要申诉
185672732,姜大瞄,1,0,0,49,2019-11-15 06:04:00,安徽 安庆,2020-10-15 21:14:05,本楼已被删除查看详情我要申诉
25173300,棉花糖ONE1983,1,0,0,2,2016-02-14 16:52:00,湖北 武汉,2020-09-24 16:23:53,箭头的方向朝外安装
40546510,出其不义,1,0,9,1834,2017-04-24 18:07:00,四川 成都,2020-09-24 17:30:00,进风先通过黑色面到灰色面，黑色面上面是过滤碳。
71003905,我是Mrk,1,0,5,57,2018-03-18 18:49:00,广东 广州,2020-09-25 00:58:06,像我这个图片的方向那样塞进去就行了
181635983,好想川藏跑,1,0,1,1135,2020-03-31 13:43:00,广东 揭阳,2020-09-25 10:03:23,本楼已被删除查看详情我要申诉
185823091,傲枫正瓶,1,0,0,63,2020-05-04 21:39:22, ,2020-10-13 17:54:27,本楼已被删除查看详情我要申诉
185062641,你开心我高钩,1,0,0,38,2020-04-28 09:35:07, ,2020-10-13 21:24:06,本楼已被删除查看详情我要申诉
186696543,山项艳,1,0,0,92,2020-05-11 14:56:11, ,2020-10-14 08:37:53,本楼已被删除查看详情我要申诉
185820151,谊文思宁伸,1,0,0,138,2020-05-04 21:11:58, ,2020-10-14 12:01:35,本楼已被删除查看详情我要申诉
186592572,普林尼铝,1,0,0,199,2020-05-10 19:51:11, ,2020-10-15 09:21:56,本楼已被删除查看详情我要申诉
186861081,启于,1,0,0,85,2020-05-12 19:46:53, ,2020-10-15 14:10:04,本楼已被删除查看详情我要申诉
185627387,纯炉,1,0,0,56,2020-05-03 08:36:23, ,2020-10-15 19:18:23,本楼已被删除查看详情我要申诉
186651056,崔成狼,1,0,0,22,2020-05-11 08:59:14, ,2020-10-15 19:35:37,本楼已被删除查看详情我要申诉
185672732,徐州车友psadyk,1,0,0,28,2020-05-03 15:28:56, ,2020-10-15 21:13:34,本楼已被删除查看详情我要申诉
186727467,穿碎花裙的小阿誊,1,0,0,66,2020-05-11 18:50:37, ,2020-10-15 21:57:38,本楼已被删除查看详情我要申诉
179755607,何记忆落了空美,1,0,0,47,2020-02-15 18:55:00,广东 揭阳,2020-10-16 09:19:41,本楼已被删除查看详情我要申诉
173851681,扶曼健,1,0,0,12,2019-10-15 13:07:00,广东 揭阳,2020-10-16 11:41:19,本楼已被删除查看详情我要申诉
173029895,安溪漂亮女雌,1,0,1,25,2019-09-29 22:53:00,江苏 扬州,2020-10-16 13:24:24,本楼已被删除查看详情我要申诉
187435004,都是我惹的曰,1,0,0,50,2020-05-17 05:23:27, ,2020-10-16 22:56:08,本楼已被删除查看详情我要申诉
174716189,梦罗宋倪肤,2,0,0,40,2019-10-31 22:50:00,广东 广州,2020-10-17 18:13:12,本楼已被删除查看详情我要申诉
175718224,笪旋铁,2,0,0,27,2019-11-22 02:42:00,广东 中山,2020-10-18 11:40:21,本楼已被删除查看详情我要申诉
3016198,可爱的小吉娃娃,2,0,29,336,2010-08-19 14:44:00,北京 ,2020-09-24 20:49:31,是沃尔沃总体的售后都好还是就这家店好？
192022937,沃行沃顺,1,0,1,1,2020-06-25 12:48:04,浙江 舟山,2020-09-25 09:38:46,其他店不知道哦，我们这边只有这一家沃尔沃4S店，我一直在这家店保养
187922651,你够狠味茄,1,0,0,56,2020-05-21 01:08:20, ,2020-10-13 17:54:34,本楼已被删除查看详情我要申诉
185062641,你开心我高钩,1,0,0,38,2020-04-28 09:35:07, ,2020-10-13 21:24:13,本楼已被删除查看详情我要申诉
192097696,努力走驳,1,0,0,93,2020-06-26 00:36:09, ,2020-10-14 08:38:15,本楼已被删除查看详情我要申诉
186490648,爱也凭,1,0,0,105,2020-05-10 00:23:48, ,2020-10-14 12:01:36,本楼已被删除查看详情我要申诉
186533994,炳拥,1,0,0,75,2020-05-10 12:11:24, ,2020-10-15 14:10:32,本楼已被删除查看详情我要申诉
185616255,程雪淀,1,0,0,50,2020-05-03 03:24:58, ,2020-10-15 19:17:59,本楼已被删除查看详情我要申诉
186651056,崔成狼,1,0,0,22,2020-05-11 08:59:14, ,2020-10-15 19:35:52,本楼已被删除查看详情我要申诉
185672732,徐州车友psadyk,1,0,0,28,2020-05-03 15:28:56, ,2020-10-15 21:13:50,本楼已被删除查看详情我要申诉
186727467,穿碎花裙的小阿誊,1,0,0,66,2020-05-11 18:50:37, ,2020-10-15 21:57:45,本楼已被删除查看详情我要申诉
186784585,呆萌铅,1,0,0,44,2020-05-12 08:44:03, ,2020-10-16 09:19:43,本楼已被删除查看详情我要申诉
173851681,扶曼健,1,0,0,12,2019-10-15 13:07:00,广东 揭阳,2020-10-16 11:41:27,本楼已被删除查看详情我要申诉
173006620,忻且,1,0,1,30,2019-09-29 15:20:00,内蒙古 乌兰察布,2020-10-16 13:24:46,本楼已被删除查看详情我要申诉
175389810,枫云蓝趋,1,0,0,42,2019-11-14 22:58:00,安徽 合肥,2020-10-16 22:56:08,本楼已被删除查看详情我要申诉
173848971,女人悲伤谁懂挨,2,0,0,67,2019-10-15 12:15:00,广东 茂名,2020-10-17 18:12:48,本楼已被删除查看详情我要申诉
174435977,英陶忆进套,2,0,0,39,2019-10-26 03:04:00,广东 茂名,2020-10-18 11:40:29,本楼已被删除查看详情我要申诉
174062911,花秋释,1,0,1,14,2019-10-18 23:43:00,广东 广州,2020-10-19 09:22:34,本楼已被删除查看详情我要申诉
171819636,权羊轰,1,0,0,28,2019-09-09 11:57:00,广东 韶关,2020-10-19 10:20:55,本楼已被删除查看详情我要申诉
173207984,悲伤多瑙谦,1,0,1,133,2019-10-03 13:58:00,四川 德阳,2020-10-20 10:01:39,本楼已被删除查看详情我要申诉
8262468,爱折腾的骚年cry,1,32,413,8881,2013-08-12 11:22:00,湖北 荆州,2020-09-24 17:48:31,混动
835498,山洪,1,0,18,334,2008-09-29 21:33:00,北京 ,2020-09-24 18:01:51,x330
199437118,大连某某车友,1,0,2,14,2020-08-25 23:26:13,辽宁 大连,2020-09-24 19:48:05,你要42就买混动，你要50就买x3
191876043,suvlovepk,1,0,14,414,2020-06-23 22:16:17,辽宁 大连,2020-09-24 19:56:48,喜欢哪个买哪个，这个价位的车安全性，操控性都不错，没有谁比谁好一说，别人认为好的，是别人的事，自己喜欢才能开的顺手。
3372022,aiur213,1,6,67,1.1万,2010-12-12 23:02:00,四川 成都,2020-09-24 23:54:50,主动安全配置，有和好是两个维度的，沃尔沃的主动安全绝对是领头羊。这两款车都不错，看喜欢什么。
5718795,保定车友suotks,1,0,8,122,2012-09-21 11:05:00,河北 石家庄,2020-09-25 07:36:24,我也纠结了三个月，选的60。老款x3开的多，新款试驾了两次，现在对于60很满意。
53132254,chenhtd,1,0,8,136,2017-06-15 10:32:00,北京 ,2020-09-25 09:01:01,LZ这厮就是个钓鱼骗回复的，后面的都不用回复了，散了吧！
178862154,李杰民比,1,0,0,53,2020-01-19 11:31:00,河南 郑州,2020-09-25 10:03:57,本楼已被删除查看详情我要申诉
194657907,Fnhhd,1,0,5,981,2020-07-21 21:30:40,广东 广州,2020-09-26 08:32:45,坐标哪里
4699179,ffggaaa,1,0,9,493,2012-01-19 13:50:00,广东 深圳,2020-09-27 03:32:07,不差钱必须宝马啊
16811629,qinet2,1,0,82,638,2015-04-18 23:43:00,上海 ,2020-09-27 05:30:21,混动顶配落地啥价格呢
186771283,翟缪富摈,1,0,0,36,2020-05-12 02:24:15, ,2020-10-13 21:24:13,本楼已被删除查看详情我要申诉
186611849,开旋陶窍,1,0,0,92,2020-05-10 22:14:41, ,2020-10-14 08:38:06,本楼已被删除查看详情我要申诉
186651478,女孩活出你的高姿八,1,0,0,135,2020-05-11 09:03:03, ,2020-10-14 12:01:25,本楼已被删除查看详情我要申诉
186677346,比永远差一率,1,0,0,202,2020-05-11 12:21:49, ,2020-10-15 09:21:47,本楼已被删除查看详情我要申诉
186640781,不让帅哥伤钉,1,0,0,79,2020-05-11 06:48:53, ,2020-10-15 14:10:16,本楼已被删除查看详情我要申诉
186806238,曾庆俏,1,0,0,54,2020-05-12 11:54:16, ,2020-10-15 19:17:49,本楼已被删除查看详情我要申诉
186651056,崔成狼,1,0,0,22,2020-05-11 08:59:14, ,2020-10-15 19:35:45,本楼已被删除查看详情我要申诉
185672732,徐州车友psadyk,1,0,0,28,2020-05-03 15:28:56, ,2020-10-15 21:13:42,本楼已被删除查看详情我要申诉
186612887,存在就拼帮,1,0,0,63,2020-05-10 22:22:19, ,2020-10-15 21:57:45,本楼已被删除查看详情我要申诉
104131773,北京车友bvycch,1,0,2,17,2019-07-03 09:34:00,北京 ,2020-09-26 10:55:41,都是销售在发帖？
185823091,傲枫正瓶,1,0,0,63,2020-05-04 21:39:22, ,2020-10-13 17:54:19,本楼已被删除查看详情我要申诉
186696543,山项艳,1,0,0,92,2020-05-11 14:56:11, ,2020-10-14 08:37:46,本楼已被删除查看详情我要申诉
185820151,谊文思宁伸,1,0,0,138,2020-05-04 21:11:58, ,2020-10-14 12:01:28,本楼已被删除查看详情我要申诉
186592572,普林尼铝,1,0,0,199,2020-05-10 19:51:11, ,2020-10-15 09:21:49,本楼已被删除查看详情我要申诉
186861081,启于,1,0,0,85,2020-05-12 19:46:53, ,2020-10-15 14:09:56,本楼已被删除查看详情我要申诉
185627387,纯炉,1,0,0,56,2020-05-03 08:36:23, ,2020-10-15 19:18:15,本楼已被删除查看详情我要申诉
186651056,崔成狼,1,0,0,22,2020-05-11 08:59:14, ,2020-10-15 19:35:14,本楼已被删除查看详情我要申诉
185672732,徐州车友psadyk,1,0,0,28,2020-05-03 15:28:56, ,2020-10-15 21:13:12,本楼已被删除查看详情我要申诉
186612887,存在就拼帮,1,0,0,63,2020-05-10 22:22:19, ,2020-10-15 21:57:30,本楼已被删除查看详情我要申诉
179755607,何记忆落了空美,1,0,0,47,2020-02-15 18:55:00,广东 揭阳,2020-10-16 09:19:33,本楼已被删除查看详情我要申诉
174054808,爱的旅程回躁,1,0,1,15,2019-10-18 21:20:00,浙江 衢州,2020-10-16 11:40:57,本楼已被删除查看详情我要申诉
173029895,安溪漂亮女雌,1,0,1,25,2019-09-29 22:53:00,江苏 扬州,2020-10-16 13:24:16,本楼已被删除查看详情我要申诉
187435004,都是我惹的曰,1,0,0,50,2020-05-17 05:23:27, ,2020-10-16 22:56:00,本楼已被删除查看详情我要申诉
174716189,梦罗宋倪肤,2,0,0,40,2019-10-31 22:50:00,广东 广州,2020-10-17 18:13:04,本楼已被删除查看详情我要申诉
175718224,笪旋铁,2,0,0,27,2019-11-22 02:42:00,广东 中山,2020-10-18 11:40:13,本楼已被删除查看详情我要申诉
175668346,慎思断吓,1,0,4,62,2019-11-20 23:46:00,四川 德阳,2020-10-18 20:46:35,本楼已被删除查看详情我要申诉
174062911,花秋释,1,0,1,14,2019-10-18 23:43:00,广东 广州,2020-10-19 09:21:55,本楼已被删除查看详情我要申诉
128319518,云鄢企,1,0,0,27,2019-08-12 06:05:00,安徽 池州,2020-10-19 10:20:31,本楼已被删除查看详情我要申诉
175395627,淡雅素罕,1,0,1,125,2019-11-15 03:05:00,浙江 湖州,2020-10-20 10:01:26,本楼已被删除查看详情我要申诉
5338899,lpait,1,0,6,5,2012-06-28 09:27:00,天津 ,2020-09-24 17:21:15,我天津的车友
187922651,你够狠味茄,1,0,0,56,2020-05-21 01:08:20, ,2020-10-13 17:54:26,本楼已被删除查看详情我要申诉
186771283,翟缪富摈,1,0,0,36,2020-05-12 02:24:15, ,2020-10-13 21:24:05,本楼已被删除查看详情我要申诉
192097696,努力走驳,1,0,0,93,2020-06-26 00:36:09, ,2020-10-14 08:38:08,本楼已被删除查看详情我要申诉
186490648,爱也凭,1,0,0,105,2020-05-10 00:23:48, ,2020-10-14 12:01:29,本楼已被删除查看详情我要申诉
186563445,薄荷加醋不及我心刽,1,0,0,203,2020-05-10 16:07:56, ,2020-10-15 09:22:22,本楼已被删除查看详情我要申诉
185616255,程雪淀,1,0,0,50,2020-05-03 03:24:58, ,2020-10-15 19:17:52,本楼已被删除查看详情我要申诉
185672732,徐州车友psadyk,1,0,0,28,2020-05-03 15:28:56, ,2020-10-15 21:13:27,本楼已被删除查看详情我要申诉
186612887,存在就拼帮,1,0,0,63,2020-05-10 22:22:19, ,2020-10-15 21:57:38,本楼已被删除查看详情我要申诉
186784585,呆萌铅,1,0,0,44,2020-05-12 08:44:03, ,2020-10-16 09:19:36,本楼已被删除查看详情我要申诉
174054808,爱的旅程回躁,1,0,1,15,2019-10-18 21:20:00,浙江 衢州,2020-10-16 11:41:05,本楼已被删除查看详情我要申诉
173006620,忻且,1,0,1,30,2019-09-29 15:20:00,内蒙古 乌兰察布,2020-10-16 13:24:38,本楼已被删除查看详情我要申诉
175389810,枫云蓝趋,1,0,0,42,2019-11-14 22:58:00,安徽 合肥,2020-10-16 22:56:00,本楼已被删除查看详情我要申诉
175668346,慎思断吓,1,0,4,62,2019-11-20 23:46:00,四川 德阳,2020-10-18 20:46:51,本楼已被删除查看详情我要申诉
174062911,花秋释,1,0,1,14,2019-10-18 23:43:00,广东 广州,2020-10-19 09:22:11,本楼已被删除查看详情我要申诉
171819636,权羊轰,1,0,0,28,2019-09-09 11:57:00,广东 韶关,2020-10-19 10:20:48,本楼已被删除查看详情我要申诉
173207984,悲伤多瑙谦,1,0,1,133,2019-10-03 13:58:00,四川 德阳,2020-10-20 10:01:31,本楼已被删除查看详情我要申诉
172962873,戒色浮睜,1,0,1,14,2019-09-28 17:38:00,浙江 杭州,2020-10-20 14:10:17,本楼已被删除查看详情我要申诉
187438820,鹤祥扛霸面,1,0,0,149,2020-05-17 07:09:12, ,2020-10-20 15:35:20,本楼已被删除查看详情我要申诉
173858232,浸润无声人有他,1,0,0,114,2019-10-15 15:03:00,安徽 宿州,2020-10-21 09:15:25,本楼已被删除查看详情我要申诉
191876043,suvlovepk,1,0,14,414,2020-06-23 22:16:17,辽宁 大连,2020-09-24 20:00:28,"喜欢哪个买哪个,这个价位的车安全性,操控性都不错,没有谁比谁好一说,别人认为好的,是别人的事,自己喜欢才能开得顺手。"
186524042,笪竺步春握,1,0,0,57,2020-05-10 10:53:39, ,2020-10-13 17:54:21,本楼已被删除查看详情我要申诉
186611849,开旋陶窍,1,0,0,92,2020-05-10 22:14:41, ,2020-10-14 08:37:58,顶了
186651478,女孩活出你的高姿八,1,0,0,135,2020-05-11 09:03:03, ,2020-10-14 12:01:18,本楼已被删除查看详情我要申诉
186677346,比永远差一率,1,0,0,202,2020-05-11 12:21:49, ,2020-10-15 09:21:39,本楼已被删除查看详情我要申诉
186640781,不让帅哥伤钉,1,0,0,79,2020-05-11 06:48:53, ,2020-10-15 14:10:08,本楼已被删除查看详情我要申诉
186806238,曾庆俏,1,0,0,54,2020-05-12 11:54:16, ,2020-10-15 19:17:41,本楼已被删除查看详情我要申诉
186651056,崔成狼,1,0,0,22,2020-05-11 08:59:14, ,2020-10-15 19:35:22,本楼已被删除查看详情我要申诉
185672732,徐州车友psadyk,1,0,0,28,2020-05-03 15:28:56, ,2020-10-15 21:13:19,本楼已被删除查看详情我要申诉
101848362,蝴蝶哈哈,1,0,0,1.0万,2019-05-31 12:15:00,海南 海口,2020-10-15 21:41:25,本楼已被删除查看详情我要申诉
180320722,碧玺逆袭,1,0,0,1258,2020-03-04 10:07:00,湖北 武汉,2020-10-15 21:41:56,本楼已被删除查看详情我要申诉
19260841,xiao不断,1,0,6,2061,2015-07-19 12:20:00,北京 ,2020-10-15 21:42:27,本楼已被删除查看详情我要申诉
184154501,尹文888,2,0,0,779,2020-04-17 22:28:50,福建 福州,2020-10-15 21:42:41,本楼已被删除查看详情我要申诉
180989535,向前看春天,1,0,2,1769,2020-03-22 15:00:00,辽宁 抚顺,2020-10-15 21:43:25,纯白的好看
21385941,飞回起点,1,0,1,1336,2015-10-03 14:55:00,山东 济南,2020-10-15 21:43:35,本楼已被删除查看详情我要申诉
178232014,乱叫归害去,1,0,1,1720,2020-01-03 19:49:00,江西 赣州,2020-10-15 21:43:44,本楼已被删除查看详情我要申诉
102029203,该吃吃该呵呵,1,0,2,1884,2019-06-03 13:10:00,陕西 西安,2020-10-15 21:43:55,座椅的配色好看
181635983,好想川藏跑,1,0,1,1135,2020-03-31 13:43:00,广东 揭阳,2020-10-15 21:44:04,本楼已被删除查看详情我要申诉
180989072,车转角就是爱,1,0,2,1926,2020-03-22 14:49:00,广东 云浮,2020-10-15 21:44:15,这个座椅的包裹感一定很不错吧
178809838,木木哒889,2,0,0,1575,2020-01-17 22:13:00,广东 佛山,2020-10-15 21:44:16,本楼已被删除查看详情我要申诉
99346060,Martin6611,1,0,1,8,2019-04-21 22:35:00,广东 深圳,2020-11-13 11:05:17,直接上致远吧
23845836,杨思杰19870601,1,0,2,8,2015-12-23 21:56:00,天津 ,2020-11-13 11:05:46,我的也差不多
3839860,春晓烟雨,1,0,2,47,2011-05-17 09:04:00,浙江 宁波,2020-11-13 11:52:08,恭喜恭喜，XC60智逸是性价比最高的了！
73759040,liulei421912439,1,0,0,2,2018-05-02 10:06:00,广东 广州,2020-11-13 12:59:06,楼主哪里的
179631344,成都车友zh9xvu,1,0,10,2,2020-02-11 13:54:00,四川 资阳,2020-11-13 13:15:56,啥时候有车？
3895030,lx0418A,1,0,61,1.1万,2011-06-02 21:02:00,湖南 长沙,2020-11-12 10:29:42,非常优秀的数据，60分贝体感是很安静很舒服的，比18/19款低了12分贝以上，说明你这原厂阀门完全达到了效果
9724699,高杰19820811,1,0,9,204,2014-02-28 00:36:00,北京 ,2020-11-12 10:35:18,油车哪有不共振
31069430,终于开车了,1,0,15,102,2016-09-16 08:51:00,四川 乐山,2020-11-12 11:32:23,只需要感应压不压耳朵就知道了
100457802,德道法,1,1,17,615,2019-05-08 14:52:00,贵州 贵阳,2020-11-12 11:36:16,没有共振嘛
181635155,前面车出没,2,0,1,372,2020-03-31 13:24:00,广东 揭阳,2020-11-12 11:41:24,光看数据没太大用，只要人没不适感就行了
515946,athree2004,1,0,418,9484,2008-02-18 13:01:00,上海 ,2020-11-13 01:35:17,不算高，正常，比我的Ｓ60低多了，你应该在测试一下行驶的时候的低频多少？我的Ｓ60低频共振高！
191876043,suvlovepk,1,0,14,414,2020-06-23 22:16:17,辽宁 大连,2020-11-13 07:44:19,2.0排量在安静的地方哪个车没噪音，不压耳朵就行。你原地打开运动模式，共振立马就出来。
171334,星星喝摩卡,1,14,77,5781,2006-09-30 22:52:00,江苏 扬州,2020-11-13 10:26:27,扬州的车友？可以来跟我的对比下，我是自己加装的阀门，最近一直在68左右呢，你的60很低了，我是扬州西区的
194654949,扬州车友eaijh5,1,0,3,8,2020-07-21 20:59:45,江苏 扬州,2020-11-13 13:13:48,suvlovepk2020/11/1307:44:19发表在7楼2.0排量在安静的地方哪个车没噪音，不压耳朵就行。你原地打开运动模式，共振立马就出来。我指低频分贝大小
8398613,yuzhangxiang,1,0,14,18,2013-08-30 22:39:00,福建 厦门,2020-11-12 05:16:10,联系：yezhanghui2018添加说明汽车之家
5812552,JSYZNANCY,1,1,30,943,2012-10-14 17:49:00,江苏 扬州,2020-11-13 14:31:01,保养手册上有,0.5482556844927234
199920269,湖州车友f2kgls,1,0,0,2,2020-10-02 09:57:13,浙江 杭州,2020-10-04 15:46:27,你这写的真不错，不过怎么尽遇到好牌子啊。五个六，五个九，哈哈,0.8964264665103265
8168691,川_子,1,3,13,399,2013-07-29 13:23:00,江苏 南京,2020-10-04 15:52:46,湖州车友f2kgls2020/10/0415:46:27发表在沙发你这写的真不错，不过怎么尽遇到好牌子啊。五个六，五个九，哈哈哈哈哈，有种运气叫PS,0.9969273970234506
173989312,吉吉大哥哥哥哥,1,0,3,127,2019-10-17 19:21:00,湖南 长沙,2020-10-04 15:56:55,哈哈帅的,0.9333333333333333
4397334,晓云天,1,0,49,1897,2011-10-26 14:07:00,江苏 南京,2020-10-04 17:23:53,和我同款同色，不过我是在你没去的中升提的车。,0.4641394890083246
86052161,徐徐910,1,0,0,45,2018-11-16 11:41:00,江苏 南京,2020-10-04 18:00:36,幻夜银太帅了,0.9038670339368192
10421250,龙C88888,1,7,1208,8072,2014-05-02 20:40:00,北京 ,2020-10-04 18:15:34,XC60的尾部总有一种说不出的感觉,0.5360543818900998
35411211,y0068,1,0,19,227,2016-12-10 19:46:00,江苏 南京,2020-10-04 18:18:27,你还有个关爱钥匙，我的怎么没有啊？难道智逸没有？,0.5950445787079688
8168691,飞沙18151,1,1,34,1.9万,2012-11-19 22:13:00,山西 太原,2020-10-04 18:20:59,龙C888882020/10/0418:15:34发表在6楼XC60的尾部总有一种说不出的感觉我瞅着还行，感觉挺帅的,0.9022805671884995
8168691,技能君233,1,0,5,155,2016-03-25 17:47:00,山东 青岛,2020-10-04 18:21:09,y00682020/10/0418:18:27发表在7楼你还有个关爱钥匙，我的怎么没有啊？难道智逸没有？不了解了啊，问问销售看看,0.09463148985330305
6000273,霸气大狮子,1,0,44,829,2014-01-07 13:09:00,山东 淄博,2020-10-04 20:17:27,不错,0.8612132352941176
26376561,南京车友ktkun7,1,0,0,5,2014-12-28 14:58:00,江苏 南京,2020-10-04 20:44:12,同款同色同第一批90后新车记得调整胎压，出厂的胎压有点高，调整之后就没那么颠了,0.2864251285246203
9372641,忘记用户名和密码,1,126,173,1715,2018-01-30 09:23:00,云南 昆明,2020-10-04 20:51:02,那是个x5,0.5
14123303,PLA71146,1,0,6,80,2015-05-15 09:51:00,江苏 连云港,2020-10-04 21:23:09,好贴，楼主能方便私信下落地价吗？帮忙参考下，谢谢了,0.9180384173108832
173989312,巴图的爸爸,1,0,5,336,2014-11-16 19:55:00,广东 其它,2020-10-04 21:30:31,楼主，两个钥匙中间的是什么东东？,0.16899915935312837
67879104,LinJun66,1,0,0,5,2018-03-08 15:20:00,广东 广州,2020-10-05 00:42:02,此主帖已经被忘记用户名和密码设为精华帖帖子标题：30而已，“60”不惑，XC60提车小记精华理由：符合精华标准,0.0024542209282094607
17410946,GENESIS王,1,24,73,1.4万,2017-07-16 23:51:00,山东 济宁,2020-10-05 04:18:31,综合油耗多少？,0.5339811590717535
13257430,大秦兵甲天下,1,0,1,13,2016-01-05 17:25:00,北京 ,2020-10-05 22:45:21,我也一直想买致远来着,0.14309151516198226
